period_num,AMM,Lending
1,32.34541490405521,25.876293660551703
2,40.92236604654997,32.73784442852698
3,51.10426881462883,40.88335459840769
4,49.030103977088366,39.22402518198834
5,32.9157600971768,26.332569140364704
6,70.12800345703101,56.10231980838845
7,30.64581829160485,24.51661838111262
8,36.163446695899715,28.93071457752391
9,82.91409427040614,66.33117733390739
10,38.848223126393094,31.078532545988576
11,77.3346835314709,61.8676553428686
12,64.16540800283096,51.332250498422425
